prn,elv,azi,gps_time,snr,ant
3.0,24.981035863574053,225.0,1408321948.0,30.0,0.0
3.0,24.91222409014354,225.0,1408321958.0,29.0,0.0
3.0,24.843385568556656,225.0,1408321968.0,35.0,0.0
3.0,24.774520517452085,225.0,1408321978.0,37.0,0.0
3.0,24.70562915546852,225.0,1408321988.0,37.0,0.0
3.0,24.636711701244646,225.0,1408321998.0,40.0,0.0
3.0,24.567768373419128,225.0,1408322008.0,41.0,0.0
3.0,24.498799390630673,225.0,1408322018.0,41.0,0.0
3.0,24.429804971517935,225.0,1408322028.0,40.0,0.0
3.0,24.360785334719623,225.0,1408322038.0,40.0,0.0
3.0,24.29174069887441,225.0,1408322048.0,37.0,0.0
3.0,24.222671282620986,225.0,1408322058.0,37.0,0.0
3.0,24.15357730459803,225.0,1408322068.0,38.0,0.0
3.0,24.084458983444218,225.0,1408322078.0,40.0,0.0
3.0,24.015316537798252,225.0,1408322088.0,41.0,0.0
3.0,23.946150186298805,225.0,1408322098.0,42.0,0.0
3.0,23.876960147584562,225.0,1408322108.0,43.0,0.0
3.0,23.8077466402942,225.0,1408322118.0,43.0,0.0
3.0,23.738509883066413,224.0,1408322128.0,41.0,0.0
3.0,23.66925009453988,224.0,1408322138.0,40.0,0.0
3.0,23.59996749335328,224.0,1408322148.0,41.0,0.0
3.0,23.530662298145295,224.0,1408322158.0,40.0,0.0
3.0,23.46133472755463,224.0,1408322168.0,38.0,0.0
3.0,23.391985000219943,224.0,1408322178.0,37.0,0.0
3.0,23.32261333477993,224.0,1408322188.0,35.0,0.0
3.0,23.25321994987328,224.0,1408322198.0,32.0,0.0
3.0,23.183805064138667,224.0,1408322208.0,34.0,0.0
3.0,23.11436889621477,224.0,1408322218.0,37.0,0.0
3.0,23.044911664740283,224.0,1408322228.0,37.0,0.0
3.0,22.975433588353887,224.0,1408322238.0,38.0,0.0
3.0,22.90593488569426,224.0,1408322248.0,40.0,0.0
3.0,22.8364157754001,224.0,1408322258.0,42.0,0.0
3.0,22.766876476110074,224.0,1408322268.0,43.0,0.0
3.0,22.697317206462873,224.0,1408322278.0,43.0,0.0
3.0,22.62773818509718,224.0,1408322288.0,43.0,0.0
3.0,22.558139630651677,224.0,1408322298.0,42.0,0.0
3.0,22.488521761765057,224.0,1408322308.0,40.0,0.0
3.0,22.41888479707599,224.0,1408322318.0,38.0,0.0
3.0,22.34922895522317,224.0,1408322328.0,38.0,0.0
3.0,22.27955445484527,224.0,1408322338.0,37.0,0.0
3.0,22.20986151458099,224.0,1408322348.0,36.0,0.0
3.0,22.14015035306899,224.0,1408322358.0,35.0,0.0
3.0,22.070421188947975,224.0,1408322368.0,36.0,0.0
3.0,22.000674240856625,224.0,1408322378.0,36.0,0.0
3.0,21.930909727433612,224.0,1408322388.0,36.0,0.0
3.0,21.861127867317627,224.0,1408322398.0,39.0,0.0
3.0,21.791328879147358,224.0,1408322408.0,41.0,0.0
3.0,21.721512981561485,224.0,1408322418.0,40.0,0.0
3.0,21.651680393198685,223.0,1408322428.0,40.0,0.0
3.0,21.58183133269765,223.0,1408322438.0,39.0,0.0
3.0,21.511966018697066,223.0,1408322448.0,40.0,0.0
3.0,21.442084669835605,223.0,1408322458.0,40.0,0.0
3.0,21.372187504751956,223.0,1408322468.0,38.0,0.0
3.0,21.30227474208481,223.0,1408322478.0,36.0,0.0
3.0,21.23234660047284,223.0,1408322488.0,36.0,0.0
3.0,21.162403298554736,223.0,1408322498.0,37.0,0.0
3.0,21.092445054969183,223.0,1408322508.0,38.0,0.0
3.0,21.022472088354856,223.0,1408322518.0,39.0,0.0
3.0,20.952484617350446,223.0,1408322528.0,40.0,0.0
3.0,20.88248286059464,223.0,1408322538.0,41.0,0.0
3.0,20.81246703672611,223.0,1408322548.0,41.0,0.0
3.0,20.742437364383548,223.0,1408322558.0,42.0,0.0
3.0,20.672394062205637,223.0,1408322568.0,42.0,0.0
3.0,20.602337348831053,223.0,1408322578.0,41.0,0.0
3.0,20.532267442898483,223.0,1408322588.0,37.0,0.0
3.0,20.46218456304662,223.0,1408322598.0,34.0,0.0
3.0,20.39208892791414,223.0,1408322608.0,32.0,0.0
3.0,20.321980756139734,223.0,1408322618.0,31.0,0.0
3.0,20.251860266362073,223.0,1408322628.0,33.0,0.0
3.0,20.181727677219843,223.0,1408322638.0,38.0,0.0
3.0,20.111583207351735,223.0,1408322648.0,40.0,0.0
3.0,20.04142707539643,223.0,1408322658.0,40.0,0.0
3.0,19.971259499992613,223.0,1408322668.0,42.0,0.0
3.0,19.901080699778962,223.0,1408322678.0,42.0,0.0
3.0,19.830890893394166,223.0,1408322688.0,43.0,0.0
3.0,19.760690299476902,223.0,1408322698.0,43.0,0.0
3.0,19.690479136665864,223.0,1408322708.0,42.0,0.0
3.0,19.620257623599723,223.0,1408322718.0,41.0,0.0
3.0,19.550025978917173,223.0,1408322728.0,41.0,0.0
3.0,19.47978442125689,222.0,1408322738.0,40.0,0.0
3.0,19.409533169257568,222.0,1408322748.0,36.0,0.0
3.0,19.339272441557885,222.0,1408322758.0,35.0,0.0
3.0,19.269002456796525,222.0,1408322768.0,36.0,0.0
3.0,19.198723433612162,222.0,1408322778.0,37.0,0.0
3.0,19.12843559064349,222.0,1408322788.0,37.0,0.0
3.0,19.05813914652919,222.0,1408322798.0,37.0,0.0
3.0,18.987834319907954,222.0,1408322808.0,37.0,0.0
3.0,18.917521329418452,222.0,1408322818.0,38.0,0.0
3.0,18.84720039369937,222.0,1408322828.0,39.0,0.0
3.0,18.776871731389402,222.0,1408322838.0,40.0,0.0
3.0,18.706535561127218,222.0,1408322848.0,41.0,0.0
3.0,18.636192101551515,222.0,1408322858.0,41.0,0.0
3.0,18.565841571300968,222.0,1408322868.0,41.0,0.0
3.0,18.495484189014256,222.0,1408322878.0,39.0,0.0
3.0,18.425120173330075,222.0,1408322888.0,39.0,0.0
3.0,18.354749742887105,222.0,1408322898.0,40.0,0.0
3.0,18.284373116324026,222.0,1408322908.0,40.0,0.0
3.0,18.213990512279523,222.0,1408322918.0,38.0,0.0
3.0,18.143602149392283,222.0,1408322928.0,36.0,0.0
3.0,18.073208246300975,222.0,1408322938.0,36.0,0.0
3.0,18.002809021644303,222.0,1408322948.0,36.0,0.0
3.0,17.932404694060942,222.0,1408322958.0,37.0,0.0
3.0,17.861995482189567,222.0,1408322968.0,38.0,0.0
3.0,17.791581604668878,222.0,1408322978.0,41.0,0.0
3.0,17.721163280137542,222.0,1408322988.0,41.0,0.0
3.0,17.65074072723426,222.0,1408322998.0,42.0,0.0
3.0,17.580314164597702,222.0,1408323008.0,42.0,0.0
3.0,17.509883810866555,222.0,1408323018.0,42.0,0.0
3.0,17.43944988467951,222.0,1408323028.0,38.0,0.0
3.0,17.369012604675238,222.0,1408323038.0,33.0,0.0
3.0,17.298572189492436,222.0,1408323048.0,29.0,0.0
3.0,17.22812885776978,222.0,1408323058.0,37.0,0.0
3.0,17.157682828145944,222.0,1408323068.0,41.0,0.0
3.0,17.08723431925963,222.0,1408323078.0,43.0,0.0
3.0,17.016783549749512,222.0,1408323088.0,43.0,0.0
3.0,16.946330738254275,222.0,1408323098.0,42.0,0.0
3.0,16.8758761034126,222.0,1408323108.0,42.0,0.0
3.0,16.805419863863182,222.0,1408323118.0,42.0,0.0
3.0,16.734962238244687,222.0,1408323128.0,39.0,0.0
3.0,16.66450344519581,221.0,1408323138.0,40.0,0.0
3.0,16.594043703355233,221.0,1408323148.0,38.0,0.0
3.0,16.523583231361634,221.0,1408323158.0,36.0,0.0
3.0,16.453122247853706,221.0,1408323168.0,37.0,0.0
3.0,16.38266097147013,221.0,1408323178.0,37.0,0.0
3.0,16.312199620849583,221.0,1408323188.0,37.0,0.0
3.0,16.241738414630756,221.0,1408323198.0,37.0,0.0
3.0,16.171277571452336,221.0,1408323208.0,37.0,0.0
3.0,16.10081730995299,221.0,1408323218.0,37.0,0.0
3.0,16.030357848771416,221.0,1408323228.0,37.0,0.0
3.0,15.959899406546297,221.0,1408323238.0,37.0,0.0
3.0,15.889442201916308,221.0,1408323248.0,36.0,0.0
3.0,15.81898645352014,221.0,1408323258.0,39.0,0.0
3.0,15.748532379996478,221.0,1408323268.0,40.0,0.0
3.0,15.678080199983999,221.0,1408323278.0,41.0,0.0
3.0,15.607630132121391,221.0,1408323288.0,43.0,0.0
3.0,15.537182395047335,221.0,1408323298.0,42.0,0.0
3.0,15.466737207400515,221.0,1408323308.0,43.0,0.0
3.0,15.396294787819613,221.0,1408323318.0,42.0,0.0
3.0,15.32585535494332,221.0,1408323328.0,39.0,0.0
3.0,15.255419127410317,221.0,1408323338.0,35.0,0.0
3.0,15.184986323859285,221.0,1408323348.0,34.0,0.0
3.0,15.114557162928905,221.0,1408323358.0,33.0,0.0
3.0,15.044131863257862,221.0,1408323368.0,37.0,0.0
3.0,14.973710643484848,221.0,1408323378.0,36.0,0.0
3.0,14.903293722248538,221.0,1408323388.0,37.0,0.0
3.0,14.832881318187614,221.0,1408323398.0,39.0,0.0
3.0,14.762473649940762,221.0,1408323408.0,41.0,0.0
3.0,14.692070936146669,221.0,1408323418.0,43.0,0.0
3.0,14.621673395444024,221.0,1408323428.0,44.0,0.0
3.0,14.55128124647149,221.0,1408323438.0,43.0,0.0
3.0,14.48089470786777,221.0,1408323448.0,42.0,0.0
3.0,14.410513998271545,221.0,1408323458.0,37.0,0.0
3.0,14.340139336321494,221.0,1408323468.0,33.0,0.0
3.0,14.269770940656295,221.0,1408323478.0,36.0,0.0
3.0,14.19940902991464,221.0,1408323488.0,40.0,0.0
3.0,14.129053822735216,221.0,1408323498.0,40.0,0.0
3.0,14.058705537756694,221.0,1408323508.0,39.0,0.0
3.0,13.988364393617772,221.0,1408323518.0,38.0,0.0
3.0,13.918030608957123,221.0,1408323528.0,38.0,0.0
3.0,13.847704402413434,221.0,1408323538.0,37.0,0.0
3.0,13.77738599262539,221.0,1408323548.0,40.0,0.0
3.0,13.707075598231672,221.0,1408323558.0,40.0,0.0
3.0,13.63677343787097,221.0,1408323568.0,38.0,0.0
3.0,13.566479730181957,221.0,1408323578.0,36.0,0.0
3.0,13.496194693803323,221.0,1408323588.0,34.0,0.0
3.0,13.425918547373755,221.0,1408323598.0,36.0,0.0
3.0,13.355651501316038,221.0,1408323608.0,41.0,0.0
3.0,13.285393705332417,221.0,1408323618.0,43.0,0.0
3.0,13.215145281909988,221.0,1408323628.0,43.0,0.0
3.0,13.144906353407487,221.0,1408323638.0,42.0,0.0
3.0,13.07467704218364,220.0,1408323648.0,40.0,0.0
3.0,13.00445747059717,220.0,1408323658.0,30.0,0.0
3.0,12.93424776100682,220.0,1408323668.0,35.0,0.0
3.0,12.864048035771308,220.0,1408323678.0,39.0,0.0
3.0,12.793858417249368,220.0,1408323688.0,43.0,0.0
3.0,12.723679027799728,220.0,1408323698.0,42.0,0.0
3.0,12.65350998978112,220.0,1408323708.0,39.0,0.0
3.0,12.583351425552273,220.0,1408323718.0,33.0,0.0
3.0,12.513203457471914,220.0,1408323728.0,31.0,0.0
3.0,12.44306620789877,220.0,1408323738.0,41.0,0.0
3.0,12.372939799191581,220.0,1408323748.0,43.0,0.0
3.0,12.302824353709063,220.0,1408323758.0,45.0,0.0
3.0,12.232719993809951,220.0,1408323768.0,45.0,0.0
3.0,12.162626841852978,220.0,1408323778.0,43.0,0.0
3.0,12.092545020196871,220.0,1408323788.0,36.0,0.0
3.0,12.022474651200351,220.0,1408323798.0,22.0,0.0
3.0,11.952415857222165,220.0,1408323808.0,36.0,0.0
3.0,11.882368760621029,220.0,1408323818.0,39.0,0.0
3.0,11.812333483755673,220.0,1408323828.0,42.0,0.0
3.0,11.74231014898483,220.0,1408323838.0,40.0,0.0
3.0,11.672298878667235,220.0,1408323848.0,37.0,0.0
3.0,11.602299795161601,220.0,1408323858.0,37.0,0.0
3.0,11.532313020826672,220.0,1408323868.0,40.0,0.0
3.0,11.462338678021169,220.0,1408323878.0,43.0,0.0
3.0,11.39237688910383,220.0,1408323888.0,44.0,0.0
3.0,11.32242777643338,220.0,1408323898.0,44.0,0.0
3.0,11.252491462368544,220.0,1408323908.0,41.0,0.0
3.0,11.182568069268056,220.0,1408323918.0,35.0,0.0
3.0,11.112657719490645,220.0,1408323928.0,24.0,0.0
3.0,11.042760535395043,220.0,1408323938.0,38.0,0.0
3.0,10.972876639339972,220.0,1408323948.0,42.0,0.0
3.0,10.903006153684167,220.0,1408323958.0,44.0,0.0
3.0,10.83314920078636,220.0,1408323968.0,43.0,0.0
3.0,10.763305903005273,220.0,1408323978.0,40.0,0.0
3.0,10.693476382699638,220.0,1408323988.0,32.0,0.0
3.0,10.623660762228186,220.0,1408323998.0,33.0,0.0
3.0,10.553859163949648,220.0,1408324008.0,39.0,0.0
3.0,10.484071710222747,220.0,1408324018.0,42.0,0.0
3.0,10.414298523406218,220.0,1408324028.0,44.0,0.0
3.0,10.344539725858791,220.0,1408324038.0,43.0,0.0
3.0,10.274795439939192,220.0,1408324048.0,40.0,0.0
3.0,10.205065788006149,220.0,1408324058.0,33.0,0.0
3.0,10.135350892418396,220.0,1408324068.0,35.0,0.0
3.0,10.065650875534658,220.0,1408324078.0,40.0,0.0
3.0,9.99596585971367,220.0,1408324088.0,41.0,0.0
3.0,9.926295967314157,220.0,1408324098.0,42.0,0.0
3.0,9.85664132069485,220.0,1408324108.0,40.0,0.0
3.0,9.787002042214475,220.0,1408324118.0,38.0,0.0
3.0,9.717378254231768,220.0,1408324128.0,39.0,0.0
3.0,9.647770079105452,220.0,1408324138.0,42.0,0.0
3.0,9.57817763919426,219.0,1408324148.0,42.0,0.0
3.0,9.508601056856921,219.0,1408324158.0,42.0,0.0
3.0,9.439040454452163,219.0,1408324168.0,40.0,0.0
3.0,9.369495954338715,219.0,1408324178.0,33.0,0.0
3.0,9.299967678875312,219.0,1408324188.0,29.0,0.0
3.0,9.230455750420674,219.0,1408324198.0,40.0,0.0
3.0,9.160960291333536,219.0,1408324208.0,43.0,0.0
3.0,9.09148142397263,219.0,1408324218.0,45.0,0.0
3.0,9.02201927069668,219.0,1408324228.0,44.0,0.0
3.0,8.952573953864412,219.0,1408324238.0,43.0,0.0
3.0,8.883145595834566,219.0,1408324248.0,39.0,0.0
3.0,8.813734318965867,219.0,1408324258.0,32.0,0.0
3.0,8.744340245617042,219.0,1408324268.0,35.0,0.0
3.0,8.674963498146823,219.0,1408324278.0,39.0,0.0
3.0,8.60560419891394,219.0,1408324288.0,40.0,0.0
3.0,8.536262470277116,219.0,1408324298.0,40.0,0.0
3.0,8.46693843459509,219.0,1408324308.0,37.0,0.0
3.0,8.397632214226583,219.0,1408324318.0,35.0,0.0
3.0,8.328343931530327,219.0,1408324328.0,39.0,0.0
3.0,8.259073708865055,219.0,1408324338.0,43.0,0.0
3.0,8.189821668589493,219.0,1408324348.0,43.0,0.0
3.0,8.120587933062371,219.0,1408324358.0,43.0,0.0
3.0,8.051372624642415,219.0,1408324368.0,40.0,0.0
3.0,7.982175865688361,219.0,1408324378.0,34.0,0.0
3.0,7.912997778558935,219.0,1408324388.0,30.0,0.0
3.0,7.843838485612868,219.0,1408324398.0,39.0,0.0
3.0,7.774698109208886,219.0,1408324408.0,42.0,0.0
3.0,7.7055767717057195,219.0,1408324418.0,43.0,0.0
3.0,7.636474595462102,219.0,1408324428.0,43.0,0.0
3.0,7.567391702836757,219.0,1408324438.0,40.0,0.0
3.0,7.498328216188416,219.0,1408324448.0,34.0,0.0
3.0,7.42928425787581,219.0,1408324458.0,32.0,0.0
3.0,7.360259950257665,219.0,1408324468.0,40.0,0.0
3.0,7.291255415692715,219.0,1408324478.0,41.0,0.0
3.0,7.222270776539686,219.0,1408324488.0,43.0,0.0
3.0,7.15330615515731,219.0,1408324498.0,42.0,0.0
3.0,7.084361673904312,219.0,1408324508.0,40.0,0.0
3.0,7.015437455139426,219.0,1408324518.0,34.0,0.0
3.0,6.946533621221379,219.0,1408324528.0,36.0,0.0
3.0,6.877650294508901,219.0,1408324538.0,39.0,0.0
3.0,6.80878759736072,219.0,1408324548.0,40.0,0.0
3.0,6.739945652135567,219.0,1408324558.0,39.0,0.0
3.0,6.671124581192172,219.0,1408324568.0,37.0,0.0
3.0,6.602324506889264,219.0,1408324578.0,33.0,0.0
3.0,6.5335455515855685,219.0,1408324588.0,35.0,0.0
3.0,6.464787837639821,219.0,1408324598.0,39.0,0.0
3.0,6.396051487410747,219.0,1408324608.0,41.0,0.0
3.0,6.327336623257079,219.0,1408324618.0,42.0,0.0
3.0,6.258643367537541,219.0,1408324628.0,41.0,0.0
3.0,6.189971842610868,219.0,1408324638.0,38.0,0.0
3.0,6.121322170835786,219.0,1408324648.0,31.0,0.0
3.0,6.052694474571025,219.0,1408324658.0,30.0,0.0
3.0,5.984088876175316,219.0,1408324668.0,39.0,0.0
3.0,5.915505498007386,219.0,1408324678.0,43.0,0.0
3.0,5.8469444624259665,219.0,1408324688.0,43.0,0.0
3.0,5.7784058917897845,219.0,1408324698.0,42.0,0.0
3.0,5.709889908457571,219.0,1408324708.0,39.0,0.0
3.0,5.641396634788059,219.0,1408324718.0,35.0,0.0
3.0,5.5729261931399705,219.0,1408324728.0,35.0,0.0
3.0,5.504478705872041,219.0,1408324738.0,38.0,0.0
3.0,5.436054295342994,219.0,1408324748.0,39.0,0.0
3.0,5.3676530839115655,218.0,1408324758.0,42.0,0.0
3.0,5.29927519393648,218.0,1408324768.0,40.0,0.0
3.0,5.2309207477764685,218.0,1408324778.0,34.0,0.0
3.0,5.162589867790259,218.0,1408324788.0,33.0,0.0
3.0,5.094282676336585,218.0,1408324798.0,39.0,0.0
3.0,5.025999295774171,218.0,1408324808.0,42.0,0.0
