aid,prn,t,rh,tanededt,minelv,maxelv,azi,dt,ahgt,sp,ptn,clr,pr,ms,vs,af,df
0,3,1408495676,11.766,-2208.333,5.125,24.942,221.282,2840,0.185,20.797,3.318,3.945,2.242,103.133,1240.763,8834.633,-2.701
0,4,1408503592,11.802,-2138.881,5.055,24.998,187.785,2770,0.185,13.474,2.922,2.692,1.073,85.785,462.767,5986.079,-1.833
0,5,1408538693,12.316,2076.613,5.045,24.889,198.636,2710,0.185,19.799,2.774,3.165,1.970,120.078,1835.698,9759.545,-3.896
0,6,1408524993,10.033,2060.766,5.034,24.910,197.993,2690,0.185,37.400,4.383,5.101,1.961,115.835,1587.925,15444.192,-1.825
0,9,1408506748,11.373,-2199.004,5.112,24.938,207.295,2840,0.185,23.351,3.436,3.883,2.329,101.570,1277.946,9895.043,-2.853
0,11,1408529843,10.926,2108.200,5.064,24.936,216.000,2750,0.185,34.173,4.068,5.807,2.993,109.906,1579.501,13764.302,-3.145
0,12,1408537938,12.261,-2213.253,5.039,24.962,213.211,2880,0.185,18.012,2.535,2.720,1.953,115.079,1548.613,9472.163,-2.631
0,15,1408546518,12.211,1098.560,5.028,10.171,181.000,740,0.185,36.365,1.727,1.377,1.377,99.994,1768.926,3254.226,-1.865
0,16,1408494538,11.957,2071.763,5.043,24.915,185.148,2700,0.185,17.585,3.479,5.423,2.697,88.387,641.039,6550.549,-2.680
0,17,1408516368,9.538,2104.534,5.054,24.910,219.000,2740,0.185,39.231,5.298,7.381,4.197,124.958,1916.288,15247.844,-3.125
0,19,1408519613,9.440,2135.731,5.029,24.870,229.875,2790,0.185,42.109,5.124,4.801,1.735,125.964,2401.452,18405.435,0.216
0,20,1408534968,11.855,2134.795,5.048,24.865,189.606,2780,0.185,18.777,2.775,2.550,1.346,99.074,1190.538,8581.158,-2.390
0,21,1408571218,9.625,-2053.276,5.072,20.075,245.909,2400,0.185,56.278,5.014,6.671,4.217,125.297,3360.059,20257.323,-1.933
0,23,1408549578,11.753,2128.173,5.035,24.921,242.391,2780,0.185,24.209,2.436,2.366,1.498,116.384,2213.987,9995.443,-3.553
0,24,1408529553,10.243,-1172.956,5.074,9.511,248.403,710,0.185,57.213,2.380,5.306,5.306,102.646,2205.883,5433.127,2.151
0,25,1408540623,12.499,-2379.044,5.101,24.972,234.441,3050,0.185,19.149,2.945,3.202,1.335,94.344,1162.274,9966.555,-1.772
0,28,1408567373,9.589,2107.966,5.037,24.954,197.250,2750,0.185,39.476,5.487,6.107,2.470,120.830,1794.453,15536.882,-1.033
0,29,1408549040,11.746,-2140.790,5.112,24.964,196.386,2770,0.185,23.078,2.776,2.373,1.035,122.773,1837.348,10857.018,-3.665
0,30,1408518058,9.691,-2192.858,5.086,24.996,191.481,2840,0.185,35.120,4.131,5.626,1.940,108.640,1585.727,17213.085,-1.160
0,31,1408571408,10.074,2070.827,5.045,24.870,210.919,2700,0.185,34.720,4.493,6.071,3.353,129.432,1892.400,14196.513,-3.132
0,32,1408560033,9.767,2138.906,5.042,24.859,225.471,2790,0.185,31.697,3.052,2.820,1.532,125.771,2445.352,16473.841,-1.812
0,101,1408553105,10.870,1814.672,5.055,24.858,222.675,2370,0.185,9.218,2.590,2.107,1.431,83.272,372.447,3164.821,-0.685
0,102,1408558393,9.751,1843.213,5.073,24.943,242.579,2410,0.185,9.267,2.528,1.671,1.080,102.143,569.150,4334.350,-0.321
0,103,1408497978,11.854,-1778.816,5.106,24.996,184.000,2320,0.185,7.714,2.461,2.250,1.327,72.103,293.165,2626.490,-0.652
0,104,1408502653,11.624,-1794.161,5.122,24.972,205.098,2330,0.185,8.965,3.123,2.707,2.037,104.930,614.777,3913.073,-0.817
0,105,1408507118,10.935,-1833.325,5.078,24.953,227.071,2380,0.185,10.826,2.552,1.983,1.160,127.117,923.917,4649.495,-1.124
0,108,1408547218,12.245,1791.640,5.061,24.894,195.519,2340,0.185,7.365,2.261,1.991,1.201,72.643,287.863,2813.613,-0.478
0,109,1408526418,9.882,-1799.457,5.122,24.976,185.106,2340,0.185,7.811,2.978,2.687,1.188,77.173,208.713,2636.830,-1.060
0,110,1408530585,10.647,-1821.314,5.120,24.937,203.481,2360,0.185,5.229,3.506,3.072,1.889,42.902,100.115,1741.629,-0.230
0,111,1408535423,11.509,-1845.437,5.111,24.952,227.050,2390,0.185,9.911,2.563,1.941,1.333,118.301,975.010,4303.150,-0.410
0,114,1408494978,9.030,1822.982,5.057,24.858,218.732,2380,0.185,7.999,2.759,2.399,1.226,81.358,346.095,3966.304,-1.332
0,114,1408575778,10.510,1799.904,5.011,24.908,195.519,2360,0.185,7.558,2.401,2.237,1.315,77.331,252.152,3045.172,-1.049
0,115,1408500463,11.873,1846.111,5.064,24.891,241.099,2410,0.185,14.000,2.061,1.747,1.000,133.690,1004.108,6360.033,-2.486
0,117,1408564948,9.479,-1829.050,5.155,24.918,229.519,2360,0.185,32.291,4.949,4.551,2.207,128.732,1569.901,9800.263,-0.407
0,118,1408569816,9.940,-1182.023,5.113,13.944,248.385,1090,0.185,6.886,1.947,1.504,1.011,90.682,283.925,1336.190,1.602
0,119,1408517338,9.395,1770.552,5.040,24.888,187.635,2320,0.185,4.460,5.325,5.904,1.841,23.448,37.129,1423.301,0.011
0,120,1408523683,9.716,1793.948,5.023,24.879,215.581,2350,0.185,5.667,3.457,3.008,1.063,40.046,68.822,2130.234,0.079
0,121,1408529348,10.512,1832.884,5.052,24.895,241.216,2400,0.185,14.755,3.176,3.240,1.955,118.079,818.270,5230.965,-1.214
0,202,1408507378,10.808,2581.837,5.034,24.939,241.074,3360,0.185,24.785,3.526,3.903,2.406,89.728,1244.326,14461.282,-3.627
0,203,1408509778,10.910,-2588.364,5.101,24.950,215.513,3340,0.185,21.181,3.756,4.329,2.263,82.454,794.665,11976.602,-2.330
0,205,1408503888,11.472,-2518.552,5.020,24.940,186.632,3280,0.185,14.304,3.050,3.800,2.536,75.885,449.427,7986.991,-2.519
0,207,1408552763,10.938,2509.423,5.009,24.908,192.000,3270,0.185,17.417,3.022,3.638,1.924,86.340,994.230,9887.659,-2.877
0,208,1408515153,9.976,-2724.095,5.092,24.958,244.089,3490,0.185,30.218,3.939,5.511,2.308,91.421,1551.743,20133.055,-5.019
0,212,1408575808,10.328,-1077.141,5.066,7.532,249.000,420,0.185,31.712,1.534,0.000,0.000,61.630,603.350,1759.036,3.364
0,213,1408537118,12.220,2534.295,5.057,24.892,246.356,3300,0.185,18.030,2.534,2.219,1.188,86.158,1193.727,9951.890,-3.398
0,215,1408529823,10.956,2469.071,5.006,24.900,217.296,3230,0.185,24.130,3.861,4.759,2.331,84.900,908.636,13009.319,-2.530
0,218,1408558218,10.385,-1419.715,5.017,15.328,245.217,1420,0.185,34.179,3.825,4.789,2.669,72.091,889.561,6024.375,-0.373
0,219,1408566148,9.494,2571.816,5.013,24.902,246.510,3360,0.185,21.357,5.455,7.541,2.918,60.612,612.446,11594.968,-1.484
0,221,1408545373,12.281,-2068.042,5.068,18.078,247.339,2290,0.185,18.065,2.076,1.943,1.147,87.607,1287.429,7129.211,-4.300
0,224,1408494028,12.260,2961.409,10.155,24.919,184.000,2420,0.185,7.137,1.476,1.303,1.109,78.526,307.775,3498.278,-2.123
0,225,1408500278,11.844,2529.380,5.007,24.939,212.912,3300,0.185,15.945,2.653,2.816,2.417,88.612,883.675,9468.493,-2.822
0,226,1408563083,9.813,-2472.406,5.090,24.994,194.161,3210,0.185,26.515,4.223,4.574,1.644,84.891,874.117,15292.809,-1.647
0,227,1408539253,12.031,-2595.201,5.081,24.956,219.003,3350,0.185,16.065,2.595,2.062,1.031,81.186,1012.213,10808.563,-2.331
0,229,1408559883,9.741,2568.300,5.031,24.988,221.589,3350,0.185,27.305,4.844,5.825,3.122,85.068,948.681,14313.033,-1.918
0,230,1408533378,11.030,-2525.614,5.089,24.999,189.839,3280,0.185,18.984,3.255,3.982,2.339,83.336,747.810,10122.586,-2.749
0,233,1408568630,9.449,-2505.832,5.058,24.970,221.360,3250,0.185,30.540,5.791,9.584,3.668,95.269,1208.708,15637.107,-0.979
0,234,1408523123,9.740,2448.581,5.047,24.922,188.653,3190,0.185,29.745,4.504,4.952,2.086,89.546,979.743,16414.639,-2.200
1,3,1408495678,11.738,-2206.210,5.125,24.942,221.316,2840,0.185,26.324,3.342,4.113,2.101,107.942,1528.362,11047.539,-3.641
1,4,1408503603,11.754,-2128.103,5.055,24.998,187.784,2770,0.185,18.454,2.811,2.764,1.041,85.931,795.710,8428.569,-2.983
1,5,1408538694,12.333,2078.318,5.045,24.889,198.664,2710,0.185,24.394,2.711,3.097,1.908,131.493,2215.449,9601.768,-4.038
1,6,1408524993,9.982,2060.766,5.034,24.910,197.974,2690,0.185,36.945,3.938,5.626,1.922,111.453,1833.271,16465.240,-3.769
1,9,1408506748,11.271,-2199.004,5.112,24.938,207.354,2840,0.185,30.374,3.766,4.023,2.532,110.038,1604.871,12147.468,-3.607
1,11,1408529847,10.908,2113.121,5.064,24.936,216.000,2750,0.185,45.779,4.607,7.084,3.658,129.288,2313.988,17558.680,-3.686
1,12,1408537938,12.035,-2213.253,5.039,24.962,213.256,2880,0.185,23.084,2.540,2.611,1.867,132.525,2460.611,11999.230,-2.637
1,15,1408546493,12.183,1073.811,5.028,9.820,181.000,690,0.185,45.191,1.811,1.476,1.476,113.657,2429.902,3746.043,-2.329
1,16,1408494538,11.922,2071.763,5.043,24.915,185.210,2700,0.185,20.397,3.174,4.448,2.307,88.637,965.944,7957.577,-3.290
1,17,1408516368,9.551,2104.534,5.054,24.910,219.000,2740,0.185,44.076,4.829,5.860,3.252,130.323,2372.915,17073.586,-4.240
1,19,1408519613,9.381,2135.731,5.029,24.870,229.882,2790,0.185,34.504,4.102,3.984,1.624,117.701,1781.375,15188.327,-2.677
1,20,1408534968,11.775,2134.795,5.048,24.865,189.649,2780,0.185,20.574,2.342,2.072,1.126,105.987,1909.612,11171.093,-2.821
1,21,1408571198,9.611,-2075.175,5.072,20.317,245.967,2440,0.185,53.793,5.237,7.558,3.737,133.971,2937.600,19406.554,-1.290
1,23,1408549578,11.757,2128.173,5.035,24.921,242.373,2780,0.185,21.793,2.425,2.468,1.545,127.561,1716.424,9620.484,-3.599
1,24,1408529543,10.174,-1183.126,5.074,9.636,248.527,730,0.185,63.484,2.466,6.044,6.044,119.477,2396.876,6251.165,-1.883
1,25,1408540623,12.181,-2379.044,5.101,24.972,234.471,3050,0.185,19.699,2.704,2.569,1.255,103.675,1336.287,10358.216,-3.374
1,28,1408567373,9.567,2107.966,5.037,24.954,197.214,2750,0.185,43.993,5.000,7.043,2.832,117.210,2297.776,17865.330,-3.265
1,29,1408549043,11.805,-2138.513,5.112,24.964,196.327,2770,0.185,30.408,2.977,2.494,1.037,132.715,2874.164,13899.467,-4.806
1,30,1408518058,9.638,-2192.858,5.086,24.996,191.463,2840,0.185,42.109,4.652,7.739,2.504,107.486,1942.701,19629.464,-2.989
1,31,1408571408,10.050,2070.827,5.045,24.870,210.915,2700,0.185,43.144,4.281,4.728,1.738,138.082,2959.979,18506.966,-3.670
1,32,1408560033,9.738,2138.906,5.042,24.859,225.479,2790,0.185,35.353,3.072,2.924,1.470,132.042,2551.027,17205.475,-4.439
1,101,1408553103,11.087,1812.422,5.055,24.858,222.660,2370,0.185,13.699,3.311,3.128,1.660,85.686,556.380,4311.163,-1.002
1,102,1408558393,9.982,1843.213,5.073,24.943,242.574,2410,0.185,19.871,3.878,4.443,1.822,109.965,1154.679,7897.135,-1.977
1,103,1408497978,11.962,-1778.816,5.106,24.996,184.000,2320,0.185,18.331,2.805,3.410,2.098,95.631,922.484,5305.439,-2.588
1,104,1408502653,11.691,-1794.161,5.122,24.972,205.073,2330,0.185,25.326,3.469,3.629,2.352,105.151,1646.007,7245.625,-2.408
1,105,1408507118,10.934,-1833.325,5.078,24.953,227.071,2380,0.185,15.549,2.364,2.081,1.110,135.624,1619.737,6610.952,-1.261
1,108,1408547218,12.091,1791.640,5.061,24.894,195.494,2340,0.185,17.333,3.201,3.185,2.553,76.907,879.201,4921.584,-2.070
1,109,1408526418,9.643,-1799.457,5.122,24.976,185.085,2340,0.185,27.754,4.386,6.474,3.410,100.445,1041.485,9440.629,-0.926
1,110,1408530586,10.432,-1820.594,5.120,24.937,203.466,2360,0.185,7.288,4.052,4.902,2.174,32.848,131.375,2322.558,-0.403
1,111,1408535423,11.777,-1845.437,5.111,24.952,227.071,2390,0.185,12.516,2.583,2.369,1.044,105.901,679.223,4569.450,-2.051
1,114,1408494978,9.044,1822.982,5.057,24.858,218.749,2380,0.185,9.789,2.422,2.002,1.217,80.256,490.973,4426.452,-1.223
1,114,1408575778,10.698,1799.904,5.011,24.908,195.506,2360,0.185,13.978,3.368,3.627,2.078,80.565,516.460,4670.331,-1.194
1,115,1408500463,11.765,1846.111,5.064,24.891,241.099,2410,0.185,19.860,2.520,2.587,2.047,127.178,1584.973,7251.131,-1.583
1,117,1408564948,9.501,-1829.050,5.155,24.918,229.536,2360,0.185,40.709,4.689,4.137,1.960,128.005,2204.844,12066.168,-0.728
1,118,1408569798,9.494,-1201.125,5.113,14.188,248.442,1120,0.185,27.555,3.518,4.126,2.888,96.828,606.046,3711.184,0.102
1,119,1408517338,9.501,1770.870,5.040,24.888,187.651,2320,0.185,12.131,6.084,7.489,3.049,28.122,113.982,3363.352,-0.389
1,120,1408523683,9.803,1793.948,5.023,24.879,215.542,2350,0.185,13.046,5.014,7.366,3.163,45.922,190.654,4058.701,-0.853
1,121,1408529348,10.803,1832.884,5.052,24.895,241.257,2400,0.185,30.721,3.648,3.760,2.376,133.112,1885.611,10245.589,-3.311
1,202,1408507378,10.785,2581.837,5.034,24.939,241.089,3360,0.185,21.841,3.479,3.420,1.701,91.474,1040.548,12639.633,-2.676
1,203,1408509778,10.900,-2588.364,5.101,24.950,215.501,3340,0.185,28.690,3.626,4.109,2.361,92.957,1387.511,16803.492,-3.031
1,205,1408503888,11.484,-2518.552,5.020,24.940,186.620,3280,0.185,19.640,3.160,3.696,2.490,77.756,737.416,10743.963,-3.446
1,207,1408552763,10.912,2509.423,5.009,24.908,192.000,3270,0.185,22.168,2.992,3.412,1.929,92.904,1556.781,12659.271,-3.811
1,208,1408515153,9.963,-2724.095,5.092,24.958,244.051,3490,0.185,25.171,3.729,4.995,2.310,97.101,1166.671,16689.428,-4.113
1,212,1408575823,10.236,-1062.172,5.066,7.356,249.000,390,0.185,39.600,1.548,0.000,0.000,73.511,960.480,2019.339,4.202
1,213,1408537118,12.147,2534.295,5.057,24.892,246.387,3300,0.185,16.926,2.445,2.239,1.027,100.010,1097.110,9765.819,-3.590
1,215,1408529823,10.924,2469.071,5.006,24.900,217.309,3230,0.185,28.324,3.406,4.561,2.634,97.332,1373.884,15989.007,-3.380
1,218,1408558243,10.364,-1392.528,5.017,14.975,245.051,1370,0.185,31.473,3.953,5.566,2.780,75.965,824.010,5376.144,-0.171
1,219,1408566148,9.472,2571.816,5.013,24.902,246.487,3360,0.185,20.054,5.346,6.974,2.950,64.288,479.971,11027.806,-1.527
1,221,1408545383,12.330,-2057.433,5.068,17.966,247.342,2270,0.185,20.111,2.146,1.901,1.241,96.271,1441.917,7253.810,-4.599
1,224,1408494028,11.984,2961.409,10.155,24.919,183.992,2420,0.185,7.481,1.472,1.219,1.030,74.936,365.106,3987.675,-1.551
1,225,1408500278,11.877,2529.380,5.007,24.939,212.940,3300,0.185,19.611,2.994,3.611,2.908,96.494,1042.806,10276.407,-3.515
1,226,1408563083,9.758,-2472.406,5.090,24.994,194.161,3210,0.185,33.549,4.287,6.143,2.868,94.095,1409.695,19013.280,-3.448
1,227,1408539253,12.061,-2595.201,5.081,24.956,219.062,3350,0.185,22.749,3.012,2.300,1.339,92.139,1419.425,13188.477,-2.264
1,229,1408559883,9.730,2568.300,5.031,24.988,221.577,3350,0.185,33.648,4.474,4.625,2.628,92.646,1332.969,17765.161,-3.861
1,230,1408533378,11.004,-2525.614,5.089,24.999,189.845,3280,0.185,23.342,3.315,4.272,2.193,84.683,1224.432,12301.450,-3.790
1,233,1408568633,9.453,-2503.262,5.058,24.970,221.374,3250,0.185,34.481,5.525,9.290,6.052,96.721,1420.432,17244.433,-3.042
1,234,1408523123,9.683,2448.581,5.047,24.922,188.653,3190,0.185,33.460,4.502,5.821,2.605,85.024,1241.870,18449.215,-3.477
2,3,1408495678,11.669,-2206.210,5.125,24.942,221.330,2840,0.095,18.514,3.468,4.968,2.424,86.542,806.381,7479.821,-2.558
2,4,1408503603,11.661,-2128.103,5.055,24.998,187.781,2770,0.095,15.263,3.385,3.521,1.244,85.756,423.245,5931.375,-2.292
2,5,1408538693,12.163,2076.613,5.045,24.889,198.640,2710,0.095,17.672,3.148,3.777,2.648,111.987,1004.580,6242.120,-2.548
2,6,1408524993,9.847,2060.766,5.034,24.910,197.967,2690,0.095,25.734,4.923,5.904,2.427,93.472,672.204,9879.334,-1.825
2,9,1408506748,11.230,-2199.004,5.112,24.938,207.267,2840,0.095,19.634,3.744,4.441,2.877,87.495,887.037,8042.379,-2.216
2,11,1408529843,10.801,2108.200,5.064,24.936,216.000,2750,0.095,32.977,4.504,6.424,2.749,94.349,1362.127,12832.499,-2.365
2,12,1408537938,11.961,-2213.253,5.039,24.962,213.228,2880,0.095,15.207,2.956,3.265,2.339,98.168,827.411,6821.683,-2.423
2,15,1408546518,12.063,1098.560,5.028,10.171,181.000,740,0.095,35.185,2.081,2.453,1.623,92.753,1074.905,3094.163,0.330
2,16,1408494538,11.608,2071.763,5.043,24.915,185.181,2700,0.095,14.863,3.093,3.440,1.054,92.468,484.787,5935.404,-2.533
2,17,1408516368,9.417,2104.534,5.054,24.910,219.000,2740,0.095,39.229,5.954,9.698,4.393,105.945,1532.537,15030.386,-1.860
2,19,1408519617,9.344,2140.624,5.029,24.870,229.900,2790,0.095,25.693,5.470,6.588,2.111,98.309,963.093,10419.394,-0.029
2,20,1408534968,11.786,2134.795,5.048,24.865,189.652,2780,0.095,16.876,3.079,3.561,2.453,92.331,631.206,7121.347,-2.402
2,21,1408571199,9.494,-2073.787,5.072,20.317,245.918,2440,0.095,25.716,4.574,6.499,4.149,79.040,1041.586,10008.955,0.425
2,23,1408549578,11.715,2128.173,5.035,24.921,242.384,2780,0.095,13.619,2.863,2.546,1.131,93.421,736.803,5474.681,-2.176
2,24,1408529558,10.207,-1167.873,5.074,9.449,248.366,700,0.095,25.669,2.280,3.681,3.681,52.772,422.497,2387.906,2.327
2,25,1408540623,12.369,-2379.044,5.101,24.972,234.431,3050,0.095,12.692,3.100,3.548,1.206,84.108,517.800,5896.942,-2.364
2,28,1408567373,9.431,2107.966,5.037,24.954,197.257,2750,0.095,28.910,6.194,6.768,3.235,103.454,836.221,10833.648,-2.255
2,29,1408549043,11.923,-2138.513,5.112,24.964,196.338,2770,0.095,20.475,3.119,3.580,1.870,111.666,1096.988,8566.853,-3.179
2,30,1408518058,9.504,-2192.858,5.086,24.996,191.484,2840,0.095,27.125,5.753,8.674,3.145,95.672,722.416,11466.541,-2.093
2,31,1408571408,9.972,2070.827,5.045,24.870,210.937,2700,0.095,27.423,4.262,5.326,1.649,103.281,1347.220,11725.239,-1.605
2,32,1408560033,9.612,2138.906,5.042,24.859,225.454,2790,0.095,30.440,3.856,3.533,1.827,112.745,1527.136,13882.075,-2.788
2,101,1408553103,11.107,1812.422,5.055,24.858,222.660,2370,0.095,7.396,2.667,2.334,1.625,84.924,280.827,2792.398,-0.563
2,102,1408558393,10.041,1843.213,5.073,24.943,242.562,2410,0.095,7.366,2.656,2.182,1.424,90.836,441.353,3918.492,-0.355
2,103,1408497978,11.573,-1778.816,5.106,24.996,184.000,2320,0.095,11.420,2.567,2.605,1.666,74.163,530.727,3918.758,-1.008
2,104,1408502653,11.575,-1794.161,5.122,24.972,205.085,2330,0.095,13.239,2.409,1.974,1.206,106.132,1294.836,4909.940,-1.149
2,105,1408507118,10.817,-1833.325,5.078,24.953,227.130,2380,0.095,12.184,2.821,2.374,1.119,132.842,1026.916,4569.003,-1.185
2,108,1408547218,12.032,1791.640,5.061,24.894,195.523,2340,0.095,12.104,3.019,2.805,2.145,64.045,411.287,3528.944,-1.610
2,109,1408526418,9.521,-1799.457,5.122,24.976,185.089,2340,0.095,27.006,5.524,7.535,3.175,89.389,927.357,8409.300,0.719
2,110,1408530588,10.355,-1819.028,5.120,24.937,203.498,2360,0.095,5.052,3.611,3.417,1.577,38.808,100.115,2016.333,-0.114
2,111,1408535423,11.430,-1845.437,5.111,24.952,227.062,2390,0.095,7.450,1.896,1.431,1.111,111.590,571.709,3633.557,-0.606
2,114,1408494978,11.553,1822.982,5.057,24.858,218.753,2380,0.095,5.956,2.319,1.956,1.184,92.126,373.570,3861.042,-1.291
2,114,1408575776,10.634,1798.294,5.011,24.908,195.508,2360,0.095,14.118,3.300,4.289,2.982,79.799,599.924,4777.913,-0.556
2,115,1408500463,11.703,1846.111,5.064,24.891,241.050,2410,0.095,13.977,2.863,2.487,1.943,104.747,833.154,4446.373,-1.108
2,117,1408564948,9.351,-1829.050,5.155,24.918,229.489,2360,0.095,10.161,3.084,2.611,1.669,116.840,694.227,3267.856,-0.571
2,118,1408569813,9.420,-1185.847,5.113,13.944,248.409,1090,0.095,21.228,3.347,3.981,2.677,74.465,456.382,2839.428,0.061
2,119,1408517338,9.404,1770.552,5.040,24.888,187.635,2320,0.095,10.436,5.881,9.008,5.299,23.458,113.453,3114.950,0.108
2,120,1408523683,9.674,1793.948,5.023,24.879,215.576,2350,0.095,6.470,5.456,6.690,2.002,39.499,63.461,2080.710,-0.361
2,121,1408529348,10.383,1832.884,5.052,24.895,241.220,2400,0.095,11.677,3.113,2.497,1.060,99.791,658.547,4554.560,-1.268
2,202,1408507378,10.693,2581.837,5.034,24.939,241.083,3360,0.095,13.107,3.650,4.616,2.738,71.788,405.858,7446.973,-1.973
2,203,1408509778,10.817,-2588.364,5.101,24.950,215.531,3340,0.095,20.796,3.502,4.538,2.169,71.714,719.768,12365.016,-2.210
2,205,1408503888,11.374,-2518.552,5.020,24.940,186.644,3280,0.095,13.719,3.328,4.951,3.997,78.528,393.783,7111.994,-2.690
2,207,1408552763,10.827,2509.423,5.009,24.908,192.000,3270,0.095,15.776,3.463,4.554,2.963,79.704,546.976,8012.660,-2.564
2,208,1408515153,9.930,-2724.095,5.092,24.958,244.057,3490,0.095,14.687,3.808,5.834,2.076,68.200,469.207,10174.118,-2.158
2,212,1408575828,10.179,-1057.184,5.066,7.297,249.000,380,0.095,15.893,1.609,0.000,0.000,31.422,254.429,752.862,-2.647
2,213,1408537118,12.087,2534.295,5.057,24.892,246.350,3300,0.095,7.727,2.610,2.832,1.286,59.249,382.453,4460.107,-1.380
2,215,1408529823,10.840,2469.071,5.006,24.900,217.293,3230,0.095,22.829,3.873,5.844,2.794,71.079,799.689,12078.370,-1.510
2,218,1408558198,10.295,-1441.573,5.017,15.608,245.354,1460,0.095,17.034,3.703,4.662,2.688,40.542,267.816,3151.405,0.329
2,219,1408566148,9.374,2571.816,5.013,24.902,246.466,3360,0.095,12.149,5.846,7.041,3.631,40.622,231.171,6598.309,-0.515
2,221,1408545378,12.219,-2062.736,5.068,18.022,247.341,2280,0.095,10.547,2.274,2.612,1.378,52.184,384.364,3852.945,-2.547
2,224,1408494028,11.281,2961.409,10.155,24.919,184.000,2420,0.095,4.820,1.551,1.330,1.031,84.395,182.511,2541.520,-1.422
2,225,1408500278,11.627,2529.380,5.007,24.939,212.921,3300,0.095,12.841,3.183,4.429,3.166,71.589,529.452,7226.208,-2.223
2,226,1408563083,9.631,-2472.406,5.090,24.994,194.158,3210,0.095,23.270,5.343,6.446,2.083,79.493,550.849,11926.832,-2.079
2,227,1408539253,11.980,-2595.201,5.081,24.956,219.006,3350,0.095,14.967,3.169,2.912,1.242,72.413,540.711,8364.071,-1.942
2,229,1408559883,9.629,2568.300,5.031,24.988,221.583,3350,0.095,27.867,5.261,6.848,3.678,72.959,766.463,14480.132,-2.082
2,230,1408533378,10.927,-2525.614,5.089,24.999,189.839,3280,0.095,14.068,3.139,4.107,1.929,74.268,447.463,7763.719,-2.243
2,233,1408568633,9.354,-2503.262,5.058,24.970,221.377,3250,0.095,29.012,5.760,7.544,3.327,79.710,920.186,14788.906,-1.604
2,234,1408523123,9.570,2448.581,5.047,24.922,188.656,3190,0.095,21.741,5.393,7.435,2.455,79.857,438.542,10897.326,-2.398
3,3,1408495678,11.685,-2206.210,5.125,24.942,221.263,2840,0.095,14.728,3.876,5.884,3.247,68.053,521.751,5759.973,-2.196
3,4,1408503603,11.729,-2128.103,5.055,24.998,187.809,2770,0.095,19.327,3.466,3.672,1.188,72.063,769.473,7786.558,-2.186
3,5,1408538693,12.214,2076.613,5.045,24.889,198.629,2710,0.095,13.337,3.095,3.045,1.703,79.163,1230.935,6317.519,-1.773
3,6,1408524993,9.959,2060.766,5.034,24.910,197.993,2690,0.095,31.604,4.540,5.828,1.747,78.780,1400.565,12916.101,-0.218
3,9,1408506750,11.367,-2196.279,5.112,24.938,207.335,2840,0.095,17.768,3.565,3.894,2.446,70.038,683.430,7244.298,-0.892
3,11,1408529843,10.825,2108.200,5.064,24.936,216.000,2750,0.095,33.323,4.824,9.916,4.633,77.275,1226.098,12896.608,-2.225
3,12,1408537938,11.965,-2213.253,5.039,24.962,213.190,2880,0.095,18.191,3.662,5.061,2.750,75.325,625.372,7308.602,-2.286
3,15,1408546503,12.045,1083.708,5.028,9.960,181.000,710,0.095,41.830,2.141,2.478,2.478,89.276,1603.809,3467.036,0.294
3,16,1408494538,11.853,2071.763,5.043,24.915,185.155,2700,0.095,17.473,3.146,4.232,2.023,79.378,947.408,7168.410,-2.431
3,17,1408516368,9.447,2104.534,5.054,24.910,219.000,2740,0.095,31.203,5.614,8.377,4.652,87.400,1215.821,12068.025,-1.023
3,19,1408519613,9.323,2135.731,5.029,24.870,229.871,2790,0.095,22.448,4.846,3.950,2.062,64.090,752.569,9473.336,0.988
3,20,1408534968,11.840,2134.795,5.048,24.865,189.620,2780,0.095,18.772,3.023,3.198,1.887,80.782,965.457,8305.459,-2.340
3,21,1408571193,9.517,-2080.658,5.072,20.378,245.919,2450,0.095,31.966,5.300,10.455,5.094,83.135,1172.637,12036.877,0.688
3,23,1408549578,11.963,2128.173,5.035,24.921,242.369,2780,0.095,9.599,1.998,1.600,1.111,81.985,548.659,5033.642,-1.384
3,24,1408529543,10.214,-1183.126,5.074,9.636,248.527,730,0.095,31.251,2.345,4.932,4.932,57.339,575.975,3097.451,-1.158
3,25,1408540621,11.917,-2381.176,5.101,24.972,234.413,3050,0.095,8.125,2.597,2.437,1.022,50.435,299.838,4705.760,-1.048
3,28,1408567373,9.512,2107.966,5.037,24.954,197.196,2750,0.095,36.529,5.266,5.815,2.381,93.436,1677.717,14180.224,0.313
3,29,1408549043,11.990,-2138.513,5.112,24.964,196.353,2770,0.095,19.423,2.732,2.487,1.118,88.609,1374.784,8853.614,-2.595
3,30,1408518058,9.595,-2192.858,5.086,24.996,191.470,2840,0.095,37.615,4.923,6.613,2.538,89.242,1688.453,16950.595,-0.716
3,31,1408571408,10.057,2070.827,5.045,24.870,210.937,2700,0.095,39.025,4.381,6.099,3.687,103.757,2327.013,16432.538,-0.226
3,32,1408560033,9.639,2138.906,5.042,24.859,225.486,2790,0.095,16.879,3.179,2.635,1.287,69.940,806.053,8180.381,-0.580
3,101,1408553109,10.843,1818.934,5.055,24.858,222.708,2370,0.095,7.803,2.900,2.993,1.600,55.469,185.486,2701.496,-0.615
3,102,1408558393,9.802,1843.213,5.073,24.943,242.612,2410,0.095,14.907,3.628,4.333,2.165,96.914,583.789,5851.789,-0.174
3,103,1408497978,11.592,-1778.816,5.106,24.996,184.000,2320,0.095,6.669,2.715,2.464,1.614,47.122,293.010,2452.646,-0.120
3,104,1408502653,11.506,-1794.161,5.122,24.972,205.103,2330,0.095,9.375,2.367,1.917,1.210,89.608,632.148,4016.421,-0.791
3,105,1408507122,10.910,-1828.394,5.078,24.953,227.063,2380,0.095,7.963,2.111,1.760,1.063,90.078,506.310,3993.777,-0.523
3,108,1408547218,12.074,1791.640,5.061,24.894,195.494,2340,0.095,7.635,3.186,2.907,1.809,45.860,295.273,2671.632,-0.888
3,109,1408526418,9.626,-1799.457,5.122,24.976,185.077,2340,0.095,14.527,4.275,8.650,4.743,55.334,341.989,5236.960,0.023
3,110,1408530590,10.402,-1816.264,5.120,24.937,203.513,2360,0.095,6.577,3.560,6.149,2.939,26.232,73.926,2133.952,0.007
3,111,1408535420,10.748,-1848.388,5.111,24.952,227.054,2390,0.095,6.994,2.476,2.112,1.370,79.051,359.953,3013.299,-0.410
3,114,1408494978,11.650,1822.982,5.057,24.858,218.753,2380,0.095,11.190,2.928,2.732,1.059,62.246,311.978,3532.666,-1.335
3,114,1408575778,10.685,1799.904,5.011,24.908,195.511,2360,0.095,11.737,3.902,6.174,4.236,49.173,284.303,3784.268,-0.499
3,115,1408500463,11.643,1846.111,5.064,24.891,241.099,2410,0.095,8.232,2.050,1.602,1.179,122.211,559.162,3488.488,-0.931
3,117,1408564948,9.292,-1829.050,5.155,24.918,229.468,2360,0.095,16.873,3.403,3.281,1.107,94.067,794.992,5867.293,1.228
3,118,1408569808,9.099,-1190.938,5.113,14.025,248.405,1100,0.095,10.050,3.494,3.498,2.666,67.241,259.990,1373.364,1.575
3,119,1408517338,9.379,1770.552,5.040,24.888,187.648,2320,0.095,6.033,5.596,8.873,5.654,16.854,44.310,1869.754,0.241
3,120,1408523683,9.827,1793.948,5.023,24.879,215.572,2350,0.095,7.102,4.358,6.186,1.947,29.555,76.489,2465.664,0.181
3,121,1408529348,10.650,1832.884,5.052,24.895,241.224,2400,0.095,12.576,2.455,2.883,1.147,113.549,772.319,5250.641,-0.583
3,202,1408507382,10.731,2586.144,5.034,24.939,241.080,3360,0.095,11.658,3.189,3.891,1.335,64.943,396.479,7320.431,-1.054
3,203,1408509778,10.839,-2588.364,5.101,24.950,215.528,3340,0.095,22.218,3.816,5.322,2.188,64.794,772.248,12732.916,-2.184
3,205,1408503888,11.445,-2518.552,5.020,24.940,186.626,3280,0.095,16.986,3.298,4.271,3.081,66.888,664.384,9067.896,-2.903
3,207,1408552763,10.875,2509.423,5.009,24.908,192.000,3270,0.095,18.372,3.605,4.836,2.277,70.897,852.877,10198.981,-2.277
3,208,1408515153,9.983,-2724.095,5.092,24.958,244.066,3490,0.095,14.280,4.164,7.296,4.426,65.408,366.848,8930.040,-1.540
3,212,1408575823,9.950,-1062.172,5.066,7.356,249.000,390,0.095,21.822,1.709,9.712,9.712,39.628,304.920,1090.044,-0.267
3,213,1408537118,12.078,2534.295,5.057,24.892,246.329,3300,0.095,9.009,2.358,2.285,1.074,59.929,309.379,5242.069,-1.942
3,215,1408529823,10.863,2469.071,5.006,24.900,217.290,3230,0.095,19.909,3.517,6.430,3.960,59.872,636.762,11114.105,-1.668
3,219,1408566148,9.387,2571.816,5.013,24.902,246.507,3360,0.095,13.196,6.317,9.810,4.750,43.674,207.037,7313.843,-0.501
3,221,1408545363,9.291,-2078.661,5.068,18.191,247.375,2310,0.095,9.750,1.970,1.934,1.033,58.777,377.952,4240.277,-1.743
3,224,1408494028,12.139,2961.409,10.155,24.919,183.996,2420,0.095,7.475,1.602,1.195,1.013,67.010,439.372,3913.650,-0.232
3,225,1408500278,11.723,2529.380,5.007,24.939,212.940,3300,0.095,15.533,3.918,5.961,4.129,61.711,472.221,7613.662,-2.460
3,226,1408563083,9.716,-2472.406,5.090,24.994,194.149,3210,0.095,30.133,5.206,6.758,2.275,67.058,962.938,15622.353,-0.739
3,227,1408539253,12.000,-2595.201,5.081,24.956,219.036,3350,0.095,12.608,3.394,5.207,3.221,55.335,373.683,6981.307,-2.101
3,229,1408559883,9.667,2568.300,5.031,24.988,221.583,3350,0.095,17.074,5.474,8.674,3.702,56.243,411.762,9395.539,-0.781
3,230,1408533378,10.956,-2525.614,5.089,24.999,189.821,3280,0.095,19.263,3.667,4.703,2.611,65.246,710.409,9986.300,-2.318
3,233,1408568633,9.369,-2503.262,5.058,24.970,221.331,3250,0.095,21.972,6.067,8.238,4.132,65.847,652.047,10964.211,-0.279
